CookerStat, GenerateAssetRegistry=0.916902, Initialize=2.051100, RunGuid=RunID416181174EFE48E11C3E43B0E883D3BB
SavePackageTransactionId562EBF5449873A6CC9BD5BBD2B59BED8_0, Filename=D:/Unreal/Barrel Hopper/Project/Content/Barrel_Hopper/Game_Mode/BH_GameMode.uasset, AutoPackageBackupDelegate=37.237202, FlushAsyncLoading=0.009499, FlushStreamingFunc=0.161301, BlockTillAllRequestsFinished=0.004899, ResetLoadersForSaveUnMarkAllObjects=2.082400, TagPackageExports=7.357802, BeginCacheForCookedPlatformData=0.003301, SerializeImports=15.326400, GatherLocalizableTextData=6.472498, MarkNames=0.046603, SerializeSummary=0.569798, SerializeNames=2.288599, SerializeGatherableTextData=0.810601, BuildExportMap=0.578299, SortExportsNonSeekfree=1.972701, SortExportsSeekfreeConstructor=0.945002, SortExportsSeekfreeInner=11.225600, SortExportsSeekfree=0.004999, BuildDependencyMap=0.813600, SerializeImportMap=0.186998, SerializeExportMap=7.682599, SerializeDependencyMap=0.743002, SerializeStringAssetReferenceMap=0.009198, SaveThumbNailsAssetRegistryDataWorldLevelInfo=14.410302, SerializeExports=404.284302, SerializeBulkData=0.027303, MoveFile=46.309601, UnaccountedTime=36.195999, RunGuid=RunID416181174EFE48E11C3E43B0E883D3BB
SavePackageTransactionId562EBF5449873A6CC9BD5BBD2B59BED8_1, Filename=D:/Unreal/Barrel Hopper/Project/Content/Barrel_Hopper/Game_Mode/BH_GameMode.uasset, AutoPackageBackupDelegate=6.244402, FlushAsyncLoading=0.002898, FlushStreamingFunc=0.137802, BlockTillAllRequestsFinished=0.003997, ResetLoadersForSaveUnMarkAllObjects=0.085402, TagPackageExports=7.126998, BeginCacheForCookedPlatformData=0.002299, SerializeImports=14.003902, GatherLocalizableTextData=5.772397, MarkNames=0.052001, SerializeSummary=0.011601, SerializeNames=2.375100, SerializeGatherableTextData=0.783700, BuildExportMap=0.166401, SortExportsNonSeekfree=1.162797, SortExportsSeekfreeConstructor=0.047602, SortExportsSeekfreeInner=10.439198, SortExportsSeekfree=0.004400, BuildDependencyMap=0.071403, SerializeImportMap=0.255603, SerializeExportMap=9.664297, SerializeDependencyMap=0.009999, SerializeStringAssetReferenceMap=0.002101, SaveThumbNailsAssetRegistryDataWorldLevelInfo=14.512498, SerializeExports=396.255890, SerializeBulkData=0.008397, MoveFile=49.735603, UnaccountedTime=31.399097, RunGuid=RunID416181174EFE48E11C3E43B0E883D3BB
SavePackageTransactionId562EBF5449873A6CC9BD5BBD2B59BED8_2, Filename=D:/Unreal/Barrel Hopper/Project/Content/Barrel_Hopper/Game_Mode/BH_GameMode.uasset, AutoPackageBackupDelegate=5.952902, FlushAsyncLoading=0.004400, FlushStreamingFunc=0.131499, BlockTillAllRequestsFinished=0.004001, ResetLoadersForSaveUnMarkAllObjects=0.093900, TagPackageExports=7.211201, BeginCacheForCookedPlatformData=0.004198, SerializeImports=14.516398, GatherLocalizableTextData=5.725201, MarkNames=0.043299, SerializeSummary=0.009902, SerializeNames=2.444100, SerializeGatherableTextData=0.928100, BuildExportMap=0.184000, SortExportsNonSeekfree=1.307499, SortExportsSeekfreeConstructor=0.047803, SortExportsSeekfreeInner=10.736197, SortExportsSeekfree=0.003602, BuildDependencyMap=0.071399, SerializeImportMap=0.182603, SerializeExportMap=9.667799, SerializeDependencyMap=0.017300, SerializeStringAssetReferenceMap=0.002898, SaveThumbNailsAssetRegistryDataWorldLevelInfo=15.051801, SerializeExports=407.818512, SerializeBulkData=0.008699, MoveFile=46.748898, UnaccountedTime=33.146900, RunGuid=RunID416181174EFE48E11C3E43B0E883D3BB
SavePackageTransactionId562EBF5449873A6CC9BD5BBD2B59BED8_3, Filename=D:/Unreal/Barrel Hopper/Project/Content/Barrel_Hopper/Game_Mode/BH_GameMode.uasset, AutoPackageBackupDelegate=5.494200, FlushAsyncLoading=0.004098, FlushStreamingFunc=0.153899, BlockTillAllRequestsFinished=0.004001, ResetLoadersForSaveUnMarkAllObjects=0.094399, TagPackageExports=7.031601, BeginCacheForCookedPlatformData=0.002697, SerializeImports=14.168802, GatherLocalizableTextData=5.686797, MarkNames=0.042800, SerializeSummary=0.010103, SerializeNames=2.239197, SerializeGatherableTextData=0.777602, BuildExportMap=0.155400, SortExportsNonSeekfree=1.112599, SortExportsSeekfreeConstructor=0.042200, SortExportsSeekfreeInner=10.208901, SortExportsSeekfree=0.004798, BuildDependencyMap=0.068199, SerializeImportMap=0.216998, SerializeExportMap=8.216002, SerializeDependencyMap=0.935599, SerializeStringAssetReferenceMap=0.004999, SaveThumbNailsAssetRegistryDataWorldLevelInfo=14.223601, SerializeExports=402.878784, SerializeBulkData=0.009000, MoveFile=45.818703, UnaccountedTime=34.198097, RunGuid=RunID416181174EFE48E11C3E43B0E883D3BB
SavePackageTransactionId562EBF5449873A6CC9BD5BBD2B59BED8_4, Filename=D:/Unreal/Barrel Hopper/Project/Content/Barrel_Hopper/Character/ThirdPerson_Jump.uasset, AutoPackageBackupDelegate=0.172500, FlushAsyncLoading=0.002798, FlushStreamingFunc=0.151701, BlockTillAllRequestsFinished=0.004299, ResetLoadersForSaveUnMarkAllObjects=0.091702, TagPackageExports=0.056800, BeginCacheForCookedPlatformData=0.001002, SerializeImports=6.412498, GatherLocalizableTextData=1.268998, MarkNames=0.010602, SerializeSummary=0.011999, SerializeNames=0.082999, SerializeGatherableTextData=0.001602, BuildExportMap=0.016399, SortExportsNonSeekfree=0.007402, SortExportsSeekfreeConstructor=0.006199, SortExportsSeekfreeInner=0.277400, SortExportsSeekfree=0.001799, BuildDependencyMap=0.005201, SerializeImportMap=0.008702, SerializeExportMap=0.007000, SerializeDependencyMap=0.000998, SerializeStringAssetReferenceMap=0.001103, SaveThumbNailsAssetRegistryDataWorldLevelInfo=9.004898, SerializeExports=0.942200, SerializeBulkData=0.004299, MoveFile=36.667999, UnaccountedTime=36.187897, RunGuid=RunID416181174EFE48E11C3E43B0E883D3BB
SavePackageTransactionId562EBF5449873A6CC9BD5BBD2B59BED8_5, Filename=D:/Unreal/Barrel Hopper/Project/Content/Barrel_Hopper/Character/ThirdPersonIdle.uasset, AutoPackageBackupDelegate=0.178400, FlushAsyncLoading=0.002801, FlushStreamingFunc=0.149198, BlockTillAllRequestsFinished=0.003900, ResetLoadersForSaveUnMarkAllObjects=0.090800, TagPackageExports=0.132401, BeginCacheForCookedPlatformData=0.001300, SerializeImports=6.227602, GatherLocalizableTextData=1.091398, MarkNames=0.007402, SerializeSummary=0.007898, SerializeNames=0.072602, SerializeGatherableTextData=0.000998, BuildExportMap=0.015199, SortExportsNonSeekfree=0.007100, SortExportsSeekfreeConstructor=0.004902, SortExportsSeekfreeInner=0.351597, SortExportsSeekfree=0.001900, BuildDependencyMap=0.005703, SerializeImportMap=0.015400, SerializeExportMap=0.009999, SerializeDependencyMap=0.000998, SerializeStringAssetReferenceMap=0.001002, SaveThumbNailsAssetRegistryDataWorldLevelInfo=6.933298, SerializeExports=1.174301, SerializeBulkData=0.007700, MoveFile=62.123001, UnaccountedTime=35.953499, RunGuid=RunID416181174EFE48E11C3E43B0E883D3BB
SavePackageTransactionId562EBF5449873A6CC9BD5BBD2B59BED8_6, Filename=D:/Unreal/Barrel Hopper/Project/Content/Barrel_Hopper/Character/ThirdPersonJump_End.uasset, AutoPackageBackupDelegate=0.197098, FlushAsyncLoading=0.003800, FlushStreamingFunc=0.156201, BlockTillAllRequestsFinished=0.004400, ResetLoadersForSaveUnMarkAllObjects=0.108000, TagPackageExports=0.056703, BeginCacheForCookedPlatformData=0.001099, SerializeImports=6.263200, GatherLocalizableTextData=1.133800, MarkNames=0.006601, SerializeSummary=0.008799, SerializeNames=0.070300, SerializeGatherableTextData=0.000898, BuildExportMap=0.015400, SortExportsNonSeekfree=0.007201, SortExportsSeekfreeConstructor=0.005100, SortExportsSeekfreeInner=0.265602, SortExportsSeekfree=0.001699, BuildDependencyMap=0.005301, SerializeImportMap=0.014000, SerializeExportMap=0.011902, SerializeDependencyMap=0.000998, SerializeStringAssetReferenceMap=0.000902, SaveThumbNailsAssetRegistryDataWorldLevelInfo=6.940599, SerializeExports=1.468800, SerializeBulkData=0.004999, MoveFile=37.746799, UnaccountedTime=36.432301, RunGuid=RunID416181174EFE48E11C3E43B0E883D3BB
SavePackageTransactionId562EBF5449873A6CC9BD5BBD2B59BED8_7, Filename=D:/Unreal/Barrel Hopper/Project/Content/Barrel_Hopper/Character/ThirdPersonJump_Loop.uasset, AutoPackageBackupDelegate=0.140600, FlushAsyncLoading=0.002902, FlushStreamingFunc=0.163998, BlockTillAllRequestsFinished=0.003699, ResetLoadersForSaveUnMarkAllObjects=0.082500, TagPackageExports=0.073399, BeginCacheForCookedPlatformData=0.001099, SerializeImports=6.076202, GatherLocalizableTextData=1.136798, MarkNames=0.007801, SerializeSummary=0.007600, SerializeNames=0.070300, SerializeGatherableTextData=0.000902, BuildExportMap=0.014499, SortExportsNonSeekfree=0.006698, SortExportsSeekfreeConstructor=0.005301, SortExportsSeekfreeInner=0.309400, SortExportsSeekfree=0.002101, BuildDependencyMap=0.005499, SerializeImportMap=0.009000, SerializeExportMap=0.007100, SerializeDependencyMap=0.000998, SerializeStringAssetReferenceMap=0.001401, SaveThumbNailsAssetRegistryDataWorldLevelInfo=7.180900, SerializeExports=1.016300, SerializeBulkData=0.003498, MoveFile=36.934200, UnaccountedTime=35.361000, RunGuid=RunID416181174EFE48E11C3E43B0E883D3BB
SavePackageTransactionId562EBF5449873A6CC9BD5BBD2B59BED8_8, Filename=D:/Unreal/Barrel Hopper/Project/Content/Barrel_Hopper/Character/ThirdPersonJump_Start.uasset, AutoPackageBackupDelegate=0.175402, FlushAsyncLoading=0.002701, FlushStreamingFunc=0.154898, BlockTillAllRequestsFinished=0.003800, ResetLoadersForSaveUnMarkAllObjects=0.081200, TagPackageExports=0.074200, BeginCacheForCookedPlatformData=0.001099, SerializeImports=6.415099, GatherLocalizableTextData=0.959102, MarkNames=0.007898, SerializeSummary=0.008799, SerializeNames=0.070203, SerializeGatherableTextData=0.000898, BuildExportMap=0.014599, SortExportsNonSeekfree=0.007201, SortExportsSeekfreeConstructor=0.005402, SortExportsSeekfreeInner=0.284798, SortExportsSeekfree=0.002101, BuildDependencyMap=0.005499, SerializeImportMap=0.007998, SerializeExportMap=0.006899, SerializeDependencyMap=0.000902, SerializeStringAssetReferenceMap=0.001099, SaveThumbNailsAssetRegistryDataWorldLevelInfo=6.680500, SerializeExports=0.950102, SerializeBulkData=0.003200, MoveFile=49.377102, UnaccountedTime=32.676498, RunGuid=RunID416181174EFE48E11C3E43B0E883D3BB
SavePackageTransactionId562EBF5449873A6CC9BD5BBD2B59BED8_9, Filename=D:/Unreal/Barrel Hopper/Project/Content/Barrel_Hopper/Character/ThirdPersonRun.uasset, AutoPackageBackupDelegate=0.190798, FlushAsyncLoading=0.003103, FlushStreamingFunc=0.076599, BlockTillAllRequestsFinished=0.005301, ResetLoadersForSaveUnMarkAllObjects=0.112697, TagPackageExports=0.075601, BeginCacheForCookedPlatformData=0.001099, SerializeImports=6.387100, GatherLocalizableTextData=0.996903, MarkNames=0.007000, SerializeSummary=0.009798, SerializeNames=0.068501, SerializeGatherableTextData=0.001200, BuildExportMap=0.014801, SortExportsNonSeekfree=0.006899, SortExportsSeekfreeConstructor=0.005201, SortExportsSeekfreeInner=0.287000, SortExportsSeekfree=0.002000, BuildDependencyMap=0.005100, SerializeImportMap=0.008103, SerializeExportMap=0.009399, SerializeDependencyMap=0.000998, SerializeStringAssetReferenceMap=0.001002, SaveThumbNailsAssetRegistryDataWorldLevelInfo=6.778300, SerializeExports=0.962399, SerializeBulkData=0.002999, MoveFile=38.225403, UnaccountedTime=36.537296, RunGuid=RunID416181174EFE48E11C3E43B0E883D3BB
SavePackageTransactionId562EBF5449873A6CC9BD5BBD2B59BED8_10, Filename=D:/Unreal/Barrel Hopper/Project/Content/Barrel_Hopper/Character/ThirdPersonWalk.uasset, AutoPackageBackupDelegate=0.187401, FlushAsyncLoading=0.002798, FlushStreamingFunc=0.147402, BlockTillAllRequestsFinished=0.003900, ResetLoadersForSaveUnMarkAllObjects=0.087399, TagPackageExports=0.090100, BeginCacheForCookedPlatformData=0.001002, SerializeImports=6.561600, GatherLocalizableTextData=1.071598, MarkNames=0.007700, SerializeSummary=0.010099, SerializeNames=0.064202, SerializeGatherableTextData=0.000898, BuildExportMap=0.014603, SortExportsNonSeekfree=0.006497, SortExportsSeekfreeConstructor=0.005301, SortExportsSeekfreeInner=0.331398, SortExportsSeekfree=0.002101, BuildDependencyMap=0.005502, SerializeImportMap=0.008300, SerializeExportMap=0.006899, SerializeDependencyMap=0.000902, SerializeStringAssetReferenceMap=0.000998, SaveThumbNailsAssetRegistryDataWorldLevelInfo=6.895300, SerializeExports=1.000199, SerializeBulkData=0.003200, MoveFile=39.381599, UnaccountedTime=36.238102, RunGuid=RunID416181174EFE48E11C3E43B0E883D3BB
SavePackageTransactionId562EBF5449873A6CC9BD5BBD2B59BED8_11, Filename=D:/Unreal/Barrel Hopper/Project/Content/Mannequin/Animations/ThirdPerson_AnimBP.uasset, AutoPackageBackupDelegate=38.901798, FlushAsyncLoading=0.009600, FlushStreamingFunc=0.169899, BlockTillAllRequestsFinished=0.005402, ResetLoadersForSaveUnMarkAllObjects=0.314400, TagPackageExports=5.357899, BeginCacheForCookedPlatformData=0.001598, SerializeImports=12.442202, GatherLocalizableTextData=5.136899, MarkNames=0.039700, SerializeSummary=0.010800, SerializeNames=2.376501, SerializeGatherableTextData=6.723001, BuildExportMap=0.214498, SortExportsNonSeekfree=0.863500, SortExportsSeekfreeConstructor=0.046700, SortExportsSeekfreeInner=6.873898, SortExportsSeekfree=0.004001, BuildDependencyMap=0.084102, SerializeImportMap=0.182901, SerializeExportMap=7.812101, SerializeDependencyMap=0.231601, SerializeStringAssetReferenceMap=0.003997, SaveThumbNailsAssetRegistryDataWorldLevelInfo=23.706902, SerializeExports=478.739410, SerializeBulkData=0.007398, MoveFile=60.327297, UnaccountedTime=0.387900, RunGuid=RunID416181174EFE48E11C3E43B0E883D3BB
SavePackageTransactionId562EBF5449873A6CC9BD5BBD2B59BED8_12, Filename=D:/Unreal/Barrel Hopper/Project/Content/Mannequin/Animations/ThirdPerson_IdleRun_2D.uasset, AutoPackageBackupDelegate=29.438301, FlushAsyncLoading=0.011899, FlushStreamingFunc=0.180699, BlockTillAllRequestsFinished=0.004400, ResetLoadersForSaveUnMarkAllObjects=0.216402, TagPackageExports=0.017099, BeginCacheForCookedPlatformData=0.000801, SerializeImports=6.069399, GatherLocalizableTextData=0.075299, MarkNames=0.007398, SerializeSummary=0.009902, SerializeNames=0.026099, SerializeGatherableTextData=0.000902, BuildExportMap=0.023101, SortExportsNonSeekfree=0.005700, SortExportsSeekfreeConstructor=0.009898, SortExportsSeekfreeInner=0.247899, SortExportsSeekfree=0.002101, BuildDependencyMap=0.004999, SerializeImportMap=0.008401, SerializeExportMap=0.006601, SerializeDependencyMap=0.000898, SerializeStringAssetReferenceMap=0.001002, SaveThumbNailsAssetRegistryDataWorldLevelInfo=7.347401, SerializeExports=0.402998, SerializeBulkData=0.003099, MoveFile=47.919800, UnaccountedTime=0.351202, RunGuid=RunID416181174EFE48E11C3E43B0E883D3BB
SavePackageTransactionId562EBF5449873A6CC9BD5BBD2B59BED8_13, Filename=D:/Unreal/Barrel Hopper/Project/Content/Mannequin/Animations/ThirdPerson_AnimBP.uasset, AutoPackageBackupDelegate=6.420002, FlushAsyncLoading=0.002600, FlushStreamingFunc=0.147797, BlockTillAllRequestsFinished=0.004102, ResetLoadersForSaveUnMarkAllObjects=0.080902, TagPackageExports=5.354900, BeginCacheForCookedPlatformData=0.001501, SerializeImports=12.648400, GatherLocalizableTextData=5.132198, MarkNames=0.038601, SerializeSummary=0.009600, SerializeNames=2.486501, SerializeGatherableTextData=6.071899, BuildExportMap=0.206001, SortExportsNonSeekfree=0.904597, SortExportsSeekfreeConstructor=0.008002, SortExportsSeekfreeInner=6.774697, SortExportsSeekfree=0.002801, BuildDependencyMap=0.059500, SerializeImportMap=0.202000, SerializeExportMap=3.262598, SerializeDependencyMap=0.282798, SerializeStringAssetReferenceMap=0.004701, SaveThumbNailsAssetRegistryDataWorldLevelInfo=10.431499, SerializeExports=456.453094, SerializeBulkData=0.014901, MoveFile=43.438400, UnaccountedTime=0.397101, RunGuid=RunID416181174EFE48E11C3E43B0E883D3BB
SavePackageTransactionId562EBF5449873A6CC9BD5BBD2B59BED8_14, Filename=D:/Unreal/Barrel Hopper/Project/Content/Mannequin/Animations/ThirdPerson_AnimBP.uasset, AutoPackageBackupDelegate=6.417200, FlushAsyncLoading=0.003599, FlushStreamingFunc=0.148699, BlockTillAllRequestsFinished=0.004403, ResetLoadersForSaveUnMarkAllObjects=0.088599, TagPackageExports=5.731702, BeginCacheForCookedPlatformData=0.002999, SerializeImports=13.491400, GatherLocalizableTextData=5.214401, MarkNames=0.040602, SerializeSummary=0.010900, SerializeNames=2.463300, SerializeGatherableTextData=6.324898, BuildExportMap=0.189599, SortExportsNonSeekfree=0.872001, SortExportsSeekfreeConstructor=0.009101, SortExportsSeekfreeInner=6.716099, SortExportsSeekfree=0.002999, BuildDependencyMap=0.055302, SerializeImportMap=0.185098, SerializeExportMap=7.762600, SerializeDependencyMap=0.325803, SerializeStringAssetReferenceMap=0.006400, SaveThumbNailsAssetRegistryDataWorldLevelInfo=16.459898, SerializeExports=464.892792, SerializeBulkData=0.008103, MoveFile=45.089001, UnaccountedTime=1.182601, RunGuid=RunID416181174EFE48E11C3E43B0E883D3BB
SavePackageTransactionId562EBF5449873A6CC9BD5BBD2B59BED8_15, Filename=D:/Unreal/Barrel Hopper/Project/Content/Mannequin/Animations/ThirdPerson_IdleRun_2D.uasset, AutoPackageBackupDelegate=6.378203, FlushAsyncLoading=0.003699, FlushStreamingFunc=0.209998, BlockTillAllRequestsFinished=0.003900, ResetLoadersForSaveUnMarkAllObjects=0.086199, TagPackageExports=0.012200, BeginCacheForCookedPlatformData=0.000801, SerializeImports=6.264802, GatherLocalizableTextData=0.064597, MarkNames=0.005901, SerializeSummary=0.008799, SerializeNames=0.025600, SerializeGatherableTextData=0.001200, BuildExportMap=0.022501, SortExportsNonSeekfree=0.005201, SortExportsSeekfreeConstructor=0.005402, SortExportsSeekfreeInner=0.261098, SortExportsSeekfree=0.003003, BuildDependencyMap=0.005897, SerializeImportMap=0.008397, SerializeExportMap=0.006303, SerializeDependencyMap=0.001203, SerializeStringAssetReferenceMap=0.001200, SaveThumbNailsAssetRegistryDataWorldLevelInfo=0.191398, SerializeExports=0.405300, SerializeBulkData=0.003502, MoveFile=45.793602, UnaccountedTime=0.365097, RunGuid=RunID416181174EFE48E11C3E43B0E883D3BB
SavePackageTransactionId562EBF5449873A6CC9BD5BBD2B59BED8_16, Filename=D:/Unreal/Barrel Hopper/Project/Content/Mannequin/Animations/ThirdPerson_IdleRun_2D.uasset, AutoPackageBackupDelegate=6.599597, FlushAsyncLoading=0.005301, FlushStreamingFunc=0.170100, BlockTillAllRequestsFinished=0.005100, ResetLoadersForSaveUnMarkAllObjects=0.111200, TagPackageExports=0.012301, BeginCacheForCookedPlatformData=0.000700, SerializeImports=6.131102, GatherLocalizableTextData=0.064299, MarkNames=0.006001, SerializeSummary=0.008099, SerializeNames=0.025101, SerializeGatherableTextData=0.000998, BuildExportMap=0.021901, SortExportsNonSeekfree=0.004899, SortExportsSeekfreeConstructor=0.005201, SortExportsSeekfreeInner=0.246100, SortExportsSeekfree=0.002101, BuildDependencyMap=0.004400, SerializeImportMap=0.007499, SerializeExportMap=0.006203, SerializeDependencyMap=0.001203, SerializeStringAssetReferenceMap=0.000998, SaveThumbNailsAssetRegistryDataWorldLevelInfo=0.148602, SerializeExports=0.393298, SerializeBulkData=0.003200, MoveFile=44.531902, UnaccountedTime=0.349600, RunGuid=RunID416181174EFE48E11C3E43B0E883D3BB
DDCTransactionId2E0943C8425DF3954B7317A8FA7C5CD1_0, BuildTexture=, CacheKey=TEXTURE_814DCC3DC72143F49509781513CB9855_AutoDXT_22298555446516AAB65702BA6F436A75_07_0000803F0000803F0000803F000000000000803F00000000000000000000803F00000000000000000200000001000000000000000101000000040000803FFFFFFFFF00000000FF00FF00FFFF8180803B, StartTime=2022.07.05-11.35.17, Duration=638.288208, RunGuid=RunID416181174EFE48E11C3E43B0E883D3BB
DDCTransactionId67E25E6F42FC70F1D0F8D0A709E091A2_0, PutCachedData=, CacheKey=TEXTURE_814DCC3DC72143F49509781513CB9855_AutoDXT_22298555446516AAB65702BA6F436__F955F337D277BB8DBAFE074AB27C7E2988A9DA4E, StartTime=2022.07.05-11.35.18, HierarchicalDDC=, DataSize=1048841, Duration=9.047803, RunGuid=RunID416181174EFE48E11C3E43B0E883D3BB
DDCTransactionIdBA49E5524519E4B5FF8AD3AEC301A9AE_0, PutCachedData=, CacheKey=TEXTURE_814DCC3DC72143F49509781513CB9855_AutoDXT_22298555446516AAB65702BA6F436__CA7688C0AC0370346A2A40A58B90406E37B2F82C, StartTime=2022.07.05-11.35.18, HierarchicalDDC=, DataSize=262408, Duration=8.069697, RunGuid=RunID416181174EFE48E11C3E43B0E883D3BB
DDCTransactionIdB5F49BF943544EF2B785569CADB14363_0, PutCachedData=, CacheKey=TEXTURE_814DCC3DC72143F49509781513CB9855_AutoDXT_22298555446516AAB65702BA6F436__3281A9D8547D05DA04ACE1D97ED5CDCBFE39FC4B, StartTime=2022.07.05-11.35.18, HierarchicalDDC=, DataSize=65799, Duration=7.904999, RunGuid=RunID416181174EFE48E11C3E43B0E883D3BB
DDCTransactionId69A0636440DE0F507877D091954AD9B1_0, PutCachedData=, CacheKey=TEXTURE_814DCC3DC72143F49509781513CB9855_AutoDXT_22298555446516AAB65702BA6F436__BD487C3A56679EB09105D72BFA42FBE60DE27F30, StartTime=2022.07.05-11.35.18, HierarchicalDDC=, DataSize=16647, Duration=7.695101, RunGuid=RunID416181174EFE48E11C3E43B0E883D3BB
DDCTransactionId801F101E4D2A2247BD5053A691CE4122_0, PutCachedData=, CacheKey=TEXTURE_814DCC3DC72143F49509781513CB9855_AutoDXT_22298555446516AAB65702BA6F436__50E4EEED6742BEB6765D37A5BA4A8CC705D53B26, StartTime=2022.07.05-11.35.18, HierarchicalDDC=, DataSize=4358, Duration=7.740200, RunGuid=RunID416181174EFE48E11C3E43B0E883D3BB
DDCTransactionId69A0636440DE0F507877D091954AD9B1_1, PutCachedData=, CacheKey=TEXTURE_814DCC3DC72143F49509781513CB9855_AutoDXT_22298555446516AAB65702BA6F436__C6F0CAB3273A3C45506613CECDA70CB2F23B3D3F, StartTime=2022.07.05-11.35.18, HierarchicalDDC=, DataSize=3387, Duration=5.426697, RunGuid=RunID416181174EFE48E11C3E43B0E883D3BB
DDCTransactionId801F101E4D2A2247BD5053A691CE4122_1, PutCachedData=, CacheKey=REFL_FULL_0C6693969CB849AE9F4120FF5812F4D2_C7A8ED2A403F812E5B57DAAEFDEF65B8, StartTime=2022.07.05-11.35.18, HierarchicalDDC=, DataSize=170275, Duration=3.945302, RunGuid=RunID416181174EFE48E11C3E43B0E883D3BB
DDCTransactionId2E0943C8425DF3954B7317A8FA7C5CD1_1, BuildTexture=, CacheKey=TEXTURE_814DCC3DC72143F49509781513CB9855_BGRA8_8F68DA7846EE5B1FF2DDDC9433F817A8_07_0000803F0000803F0000803F000000000000803F00000000000000000000803F0000000000000000020000000D000100000000000101000000040000803FFFFFFFFF00000000FF00FF00FFFF8180803B, StartTime=2022.07.05-11.35.18, Duration=0.762898, RunGuid=RunID416181174EFE48E11C3E43B0E883D3BB
DDCTransactionIdBA49E5524519E4B5FF8AD3AEC301A9AE_1, PutCachedData=, CacheKey=TEXTURE_814DCC3DC72143F49509781513CB9855_BGRA8_8F68DA7846EE5B1FF2DDDC9433F817A__9FDFF1F38E2A447698C25ADA8828C9B7E78C264B, StartTime=2022.07.05-11.35.18, HierarchicalDDC=, DataSize=6712, Duration=3.448200, RunGuid=RunID416181174EFE48E11C3E43B0E883D3BB
SavePackageTransactionId562EBF5449873A6CC9BD5BBD2B59BED8_17, Filename=D:/Unreal/Barrel Hopper/Project/Content/Barrel_Hopper/Character/Animation/ThirdPerson_Jump.uasset, AutoPackageBackupDelegate=0.178497, FlushAsyncLoading=0.003301, FlushStreamingFunc=0.115599, BlockTillAllRequestsFinished=0.004701, ResetLoadersForSaveUnMarkAllObjects=0.107698, TagPackageExports=0.067398, BeginCacheForCookedPlatformData=0.001002, SerializeImports=6.211199, GatherLocalizableTextData=0.962101, MarkNames=0.007201, SerializeSummary=0.011001, SerializeNames=0.071798, SerializeGatherableTextData=0.001002, BuildExportMap=0.015300, SortExportsNonSeekfree=0.007700, SortExportsSeekfreeConstructor=0.005599, SortExportsSeekfreeInner=0.275001, SortExportsSeekfree=0.001997, BuildDependencyMap=0.005800, SerializeImportMap=0.009097, SerializeExportMap=0.007302, SerializeDependencyMap=0.000902, SerializeStringAssetReferenceMap=0.001200, SaveThumbNailsAssetRegistryDataWorldLevelInfo=7.025000, SerializeExports=0.984199, SerializeBulkData=0.004902, MoveFile=40.827000, UnaccountedTime=28.965801, RunGuid=RunID416181174EFE48E11C3E43B0E883D3BB
SavePackageTransactionId562EBF5449873A6CC9BD5BBD2B59BED8_18, Filename=D:/Unreal/Barrel Hopper/Project/Content/Barrel_Hopper/Character/Animation/ThirdPersonIdle.uasset, AutoPackageBackupDelegate=0.152100, FlushAsyncLoading=0.002898, FlushStreamingFunc=0.118602, BlockTillAllRequestsFinished=0.003699, ResetLoadersForSaveUnMarkAllObjects=0.108901, TagPackageExports=0.130799, BeginCacheForCookedPlatformData=0.001103, SerializeImports=6.387800, GatherLocalizableTextData=1.151700, MarkNames=0.006299, SerializeSummary=0.008199, SerializeNames=0.070501, SerializeGatherableTextData=0.000898, BuildExportMap=0.015400, SortExportsNonSeekfree=0.007600, SortExportsSeekfreeConstructor=0.004701, SortExportsSeekfreeInner=0.355702, SortExportsSeekfree=0.001997, BuildDependencyMap=0.005603, SerializeImportMap=0.008501, SerializeExportMap=0.006799, SerializeDependencyMap=0.001401, SerializeStringAssetReferenceMap=0.001200, SaveThumbNailsAssetRegistryDataWorldLevelInfo=6.954700, SerializeExports=1.080401, SerializeBulkData=0.003200, MoveFile=48.835400, UnaccountedTime=28.995800, RunGuid=RunID416181174EFE48E11C3E43B0E883D3BB
SavePackageTransactionId562EBF5449873A6CC9BD5BBD2B59BED8_19, Filename=D:/Unreal/Barrel Hopper/Project/Content/Barrel_Hopper/Character/Animation/ThirdPersonJump_End.uasset, AutoPackageBackupDelegate=0.179302, FlushAsyncLoading=0.003099, FlushStreamingFunc=0.149600, BlockTillAllRequestsFinished=0.003900, ResetLoadersForSaveUnMarkAllObjects=0.100199, TagPackageExports=0.054698, BeginCacheForCookedPlatformData=0.001002, SerializeImports=6.453101, GatherLocalizableTextData=1.199897, MarkNames=0.010800, SerializeSummary=0.009701, SerializeNames=0.070300, SerializeGatherableTextData=0.000902, BuildExportMap=0.015598, SortExportsNonSeekfree=0.007100, SortExportsSeekfreeConstructor=0.005301, SortExportsSeekfreeInner=0.271201, SortExportsSeekfree=0.002000, BuildDependencyMap=0.005700, SerializeImportMap=0.008401, SerializeExportMap=0.006501, SerializeDependencyMap=0.001002, SerializeStringAssetReferenceMap=0.000998, SaveThumbNailsAssetRegistryDataWorldLevelInfo=6.784801, SerializeExports=0.939701, SerializeBulkData=0.003699, MoveFile=40.120899, UnaccountedTime=28.901999, RunGuid=RunID416181174EFE48E11C3E43B0E883D3BB
SavePackageTransactionId562EBF5449873A6CC9BD5BBD2B59BED8_20, Filename=D:/Unreal/Barrel Hopper/Project/Content/Barrel_Hopper/Character/Animation/ThirdPersonJump_Loop.uasset, AutoPackageBackupDelegate=0.181600, FlushAsyncLoading=0.003003, FlushStreamingFunc=0.128400, BlockTillAllRequestsFinished=0.004001, ResetLoadersForSaveUnMarkAllObjects=0.102397, TagPackageExports=0.084501, BeginCacheForCookedPlatformData=0.001200, SerializeImports=6.392099, GatherLocalizableTextData=1.071800, MarkNames=0.010200, SerializeSummary=0.010699, SerializeNames=0.101503, SerializeGatherableTextData=0.000998, BuildExportMap=0.015602, SortExportsNonSeekfree=0.006899, SortExportsSeekfreeConstructor=0.005398, SortExportsSeekfreeInner=0.302602, SortExportsSeekfree=0.002101, BuildDependencyMap=0.005800, SerializeImportMap=0.008401, SerializeExportMap=0.006698, SerializeDependencyMap=0.000898, SerializeStringAssetReferenceMap=0.001002, SaveThumbNailsAssetRegistryDataWorldLevelInfo=6.928298, SerializeExports=1.047399, SerializeBulkData=0.003602, MoveFile=40.244301, UnaccountedTime=28.931700, RunGuid=RunID416181174EFE48E11C3E43B0E883D3BB
SavePackageTransactionId562EBF5449873A6CC9BD5BBD2B59BED8_21, Filename=D:/Unreal/Barrel Hopper/Project/Content/Barrel_Hopper/Character/Animation/ThirdPersonJump_Start.uasset, AutoPackageBackupDelegate=0.182301, FlushAsyncLoading=0.002600, FlushStreamingFunc=0.135399, BlockTillAllRequestsFinished=0.003699, ResetLoadersForSaveUnMarkAllObjects=0.094600, TagPackageExports=0.074603, BeginCacheForCookedPlatformData=0.000998, SerializeImports=6.381601, GatherLocalizableTextData=1.157999, MarkNames=0.006098, SerializeSummary=0.007100, SerializeNames=0.071201, SerializeGatherableTextData=0.001900, BuildExportMap=0.015400, SortExportsNonSeekfree=0.007499, SortExportsSeekfreeConstructor=0.004899, SortExportsSeekfreeInner=0.285700, SortExportsSeekfree=0.002101, BuildDependencyMap=0.005301, SerializeImportMap=0.009101, SerializeExportMap=0.007000, SerializeDependencyMap=0.001002, SerializeStringAssetReferenceMap=0.000998, SaveThumbNailsAssetRegistryDataWorldLevelInfo=6.758001, SerializeExports=0.996098, SerializeBulkData=0.003301, MoveFile=42.704201, UnaccountedTime=28.217800, RunGuid=RunID416181174EFE48E11C3E43B0E883D3BB
SavePackageTransactionId562EBF5449873A6CC9BD5BBD2B59BED8_22, Filename=D:/Unreal/Barrel Hopper/Project/Content/Barrel_Hopper/Character/Animation/ThirdPersonRun.uasset, AutoPackageBackupDelegate=0.191402, FlushAsyncLoading=0.003498, FlushStreamingFunc=0.165399, BlockTillAllRequestsFinished=0.005003, ResetLoadersForSaveUnMarkAllObjects=0.129499, TagPackageExports=0.080802, BeginCacheForCookedPlatformData=0.001200, SerializeImports=6.100699, GatherLocalizableTextData=1.131501, MarkNames=0.006199, SerializeSummary=0.008099, SerializeNames=0.070103, SerializeGatherableTextData=0.000797, BuildExportMap=0.014901, SortExportsNonSeekfree=0.007201, SortExportsSeekfreeConstructor=0.005100, SortExportsSeekfreeInner=0.293300, SortExportsSeekfree=0.002198, BuildDependencyMap=0.005201, SerializeImportMap=0.008501, SerializeExportMap=0.007000, SerializeDependencyMap=0.001002, SerializeStringAssetReferenceMap=0.000898, SaveThumbNailsAssetRegistryDataWorldLevelInfo=6.761800, SerializeExports=0.985801, SerializeBulkData=0.004098, MoveFile=42.068401, UnaccountedTime=28.809500, RunGuid=RunID416181174EFE48E11C3E43B0E883D3BB
SavePackageTransactionId562EBF5449873A6CC9BD5BBD2B59BED8_23, Filename=D:/Unreal/Barrel Hopper/Project/Content/Barrel_Hopper/Character/Animation/ThirdPersonWalk.uasset, AutoPackageBackupDelegate=0.155501, FlushAsyncLoading=0.002898, FlushStreamingFunc=0.130903, BlockTillAllRequestsFinished=0.003699, ResetLoadersForSaveUnMarkAllObjects=0.096798, TagPackageExports=0.113301, BeginCacheForCookedPlatformData=0.000998, SerializeImports=6.179601, GatherLocalizableTextData=1.125202, MarkNames=0.006199, SerializeSummary=0.007398, SerializeNames=0.070002, SerializeGatherableTextData=0.000898, BuildExportMap=0.014901, SortExportsNonSeekfree=0.007201, SortExportsSeekfreeConstructor=0.005100, SortExportsSeekfreeInner=0.309199, SortExportsSeekfree=0.002202, BuildDependencyMap=0.005201, SerializeImportMap=0.008602, SerializeExportMap=0.006799, SerializeDependencyMap=0.000998, SerializeStringAssetReferenceMap=0.001002, SaveThumbNailsAssetRegistryDataWorldLevelInfo=6.884098, SerializeExports=1.018800, SerializeBulkData=0.003900, MoveFile=57.057903, UnaccountedTime=29.149700, RunGuid=RunID416181174EFE48E11C3E43B0E883D3BB
SavePackageTransactionId562EBF5449873A6CC9BD5BBD2B59BED8_24, Filename=D:/Unreal/Barrel Hopper/Project/Content/Mannequin/Animations/ThirdPerson_AnimBP.uasset, AutoPackageBackupDelegate=6.347202, FlushAsyncLoading=0.003997, FlushStreamingFunc=0.155501, BlockTillAllRequestsFinished=0.004001, ResetLoadersForSaveUnMarkAllObjects=0.508800, TagPackageExports=5.779803, BeginCacheForCookedPlatformData=0.003099, SerializeImports=12.248501, GatherLocalizableTextData=5.198397, MarkNames=0.040900, SerializeSummary=0.010002, SerializeNames=2.500199, SerializeGatherableTextData=6.521702, BuildExportMap=0.232797, SortExportsNonSeekfree=0.917003, SortExportsSeekfreeConstructor=0.052501, SortExportsSeekfreeInner=6.999798, SortExportsSeekfree=0.003099, BuildDependencyMap=0.059400, SerializeImportMap=0.186097, SerializeExportMap=8.177001, SerializeDependencyMap=0.246901, SerializeStringAssetReferenceMap=0.004999, SaveThumbNailsAssetRegistryDataWorldLevelInfo=16.804899, SerializeExports=451.174713, SerializeBulkData=0.008602, MoveFile=49.826099, UnaccountedTime=1.110502, RunGuid=RunID416181174EFE48E11C3E43B0E883D3BB
SavePackageTransactionId562EBF5449873A6CC9BD5BBD2B59BED8_25, Filename=D:/Unreal/Barrel Hopper/Project/Content/Mannequin/Animations/ThirdPerson_IdleRun_2D.uasset, AutoPackageBackupDelegate=6.260201, FlushAsyncLoading=0.002202, FlushStreamingFunc=0.145398, BlockTillAllRequestsFinished=0.003602, ResetLoadersForSaveUnMarkAllObjects=0.382598, TagPackageExports=0.016700, BeginCacheForCookedPlatformData=0.000902, SerializeImports=6.319500, GatherLocalizableTextData=0.066299, MarkNames=0.007302, SerializeSummary=0.010300, SerializeNames=0.026599, SerializeGatherableTextData=0.001300, BuildExportMap=0.023998, SortExportsNonSeekfree=0.005201, SortExportsSeekfreeConstructor=0.006199, SortExportsSeekfreeInner=0.287801, SortExportsSeekfree=0.003099, BuildDependencyMap=0.006299, SerializeImportMap=0.008401, SerializeExportMap=0.007100, SerializeDependencyMap=0.001002, SerializeStringAssetReferenceMap=0.001099, SaveThumbNailsAssetRegistryDataWorldLevelInfo=0.362199, SerializeExports=0.421699, SerializeBulkData=0.003502, MoveFile=50.052097, UnaccountedTime=0.339899, RunGuid=RunID416181174EFE48E11C3E43B0E883D3BB
SavePackageTransactionId562EBF5449873A6CC9BD5BBD2B59BED8_26, Filename=D:/Unreal/Barrel Hopper/Project/Content/Mannequin/Animations/ThirdPerson_AnimBP.uasset, AutoPackageBackupDelegate=6.436199, FlushAsyncLoading=0.003003, FlushStreamingFunc=0.122998, BlockTillAllRequestsFinished=0.003900, ResetLoadersForSaveUnMarkAllObjects=0.092302, TagPackageExports=5.551998, BeginCacheForCookedPlatformData=0.001702, SerializeImports=12.449499, GatherLocalizableTextData=5.119901, MarkNames=0.039000, SerializeSummary=0.013497, SerializeNames=2.367802, SerializeGatherableTextData=5.236700, BuildExportMap=0.209499, SortExportsNonSeekfree=0.898100, SortExportsSeekfreeConstructor=0.007000, SortExportsSeekfreeInner=6.666500, SortExportsSeekfree=0.002999, BuildDependencyMap=0.060000, SerializeImportMap=0.217900, SerializeExportMap=3.257699, SerializeDependencyMap=0.258103, SerializeStringAssetReferenceMap=0.006299, SaveThumbNailsAssetRegistryDataWorldLevelInfo=10.929499, SerializeExports=459.776306, SerializeBulkData=0.008501, MoveFile=44.337299, UnaccountedTime=1.105700, RunGuid=RunID416181174EFE48E11C3E43B0E883D3BB
SavePackageTransactionId562EBF5449873A6CC9BD5BBD2B59BED8_27, Filename=D:/Unreal/Barrel Hopper/Project/Content/Mannequin/Animations/ThirdPerson_AnimBP.uasset, AutoPackageBackupDelegate=6.393801, FlushAsyncLoading=0.002798, FlushStreamingFunc=0.148602, BlockTillAllRequestsFinished=0.003599, ResetLoadersForSaveUnMarkAllObjects=0.093300, TagPackageExports=5.872998, BeginCacheForCookedPlatformData=0.002801, SerializeImports=12.445200, GatherLocalizableTextData=5.178798, MarkNames=0.040103, SerializeSummary=0.010699, SerializeNames=2.611801, SerializeGatherableTextData=5.549498, BuildExportMap=0.211403, SortExportsNonSeekfree=0.847299, SortExportsSeekfreeConstructor=0.009298, SortExportsSeekfreeInner=6.837301, SortExportsSeekfree=0.004601, BuildDependencyMap=0.060800, SerializeImportMap=0.234999, SerializeExportMap=8.447002, SerializeDependencyMap=0.304699, SerializeStringAssetReferenceMap=0.004303, SaveThumbNailsAssetRegistryDataWorldLevelInfo=20.404898, SerializeExports=465.595703, SerializeBulkData=0.008702, MoveFile=45.019398, UnaccountedTime=0.419300, RunGuid=RunID416181174EFE48E11C3E43B0E883D3BB
SavePackageTransactionId562EBF5449873A6CC9BD5BBD2B59BED8_28, Filename=D:/Unreal/Barrel Hopper/Project/Content/Mannequin/Animations/ThirdPerson_IdleRun_2D.uasset, AutoPackageBackupDelegate=6.467700, FlushAsyncLoading=0.003900, FlushStreamingFunc=0.110399, BlockTillAllRequestsFinished=0.004400, ResetLoadersForSaveUnMarkAllObjects=0.103600, TagPackageExports=0.012498, BeginCacheForCookedPlatformData=0.000700, SerializeImports=6.321401, GatherLocalizableTextData=0.061899, MarkNames=0.006199, SerializeSummary=0.009600, SerializeNames=0.026099, SerializeGatherableTextData=0.001203, BuildExportMap=0.022098, SortExportsNonSeekfree=0.004802, SortExportsSeekfreeConstructor=0.006199, SortExportsSeekfreeInner=0.251200, SortExportsSeekfree=0.002299, BuildDependencyMap=0.005402, SerializeImportMap=0.007797, SerializeExportMap=0.006400, SerializeDependencyMap=0.000902, SerializeStringAssetReferenceMap=0.000898, SaveThumbNailsAssetRegistryDataWorldLevelInfo=0.165801, SerializeExports=0.395902, SerializeBulkData=0.003699, MoveFile=47.689999, UnaccountedTime=0.338800, RunGuid=RunID416181174EFE48E11C3E43B0E883D3BB
SavePackageTransactionId562EBF5449873A6CC9BD5BBD2B59BED8_29, Filename=D:/Unreal/Barrel Hopper/Project/Content/Mannequin/Animations/ThirdPerson_IdleRun_2D.uasset, AutoPackageBackupDelegate=6.417900, FlushAsyncLoading=0.002299, FlushStreamingFunc=0.155900, BlockTillAllRequestsFinished=0.003699, ResetLoadersForSaveUnMarkAllObjects=0.090402, TagPackageExports=0.012703, BeginCacheForCookedPlatformData=0.000797, SerializeImports=6.423403, GatherLocalizableTextData=0.060197, MarkNames=0.006001, SerializeSummary=0.009701, SerializeNames=0.025500, SerializeGatherableTextData=0.001200, BuildExportMap=0.022400, SortExportsNonSeekfree=0.004601, SortExportsSeekfreeConstructor=0.006098, SortExportsSeekfreeInner=0.252701, SortExportsSeekfree=0.002801, BuildDependencyMap=0.004899, SerializeImportMap=0.007898, SerializeExportMap=0.006303, SerializeDependencyMap=0.000801, SerializeStringAssetReferenceMap=0.001200, SaveThumbNailsAssetRegistryDataWorldLevelInfo=0.166100, SerializeExports=0.395201, SerializeBulkData=0.004102, MoveFile=62.370998, UnaccountedTime=0.344701, RunGuid=RunID416181174EFE48E11C3E43B0E883D3BB
DDCTransactionId67E25E6F42FC70F1D0F8D0A709E091A2_1, PutCachedData=, CacheKey=REFL_FULL_0C6693969CB849AE9F4120FF5812F4D2_F6E149EE4A4552255D83A8A3BF87FD08, StartTime=2022.07.05-11.37.31, HierarchicalDDC=, DataSize=170275, Duration=3.857400, RunGuid=RunID416181174EFE48E11C3E43B0E883D3BB
SavePackageTransactionId562EBF5449873A6CC9BD5BBD2B59BED8_30, Filename=D:/Unreal/Barrel Hopper/Project/Content/Barrel_Hopper/Levels/Barrel_Hopper_Map.umap, AutoPackageBackupDelegate=2054.360107, FlushAsyncLoading=0.008199, FlushStreamingFunc=0.173002, BlockTillAllRequestsFinished=0.004597, ResetLoadersForSaveUnMarkAllObjects=44.099705, TagPackageExports=1.353700, BeginCacheForCookedPlatformData=0.001699, SerializeImports=8.300800, GatherLocalizableTextData=11.206303, MarkNames=0.044201, SerializeSummary=0.011198, SerializeNames=2.420999, SerializeGatherableTextData=0.620600, BuildExportMap=0.229500, SortExportsNonSeekfree=0.700001, SortExportsSeekfreeConstructor=0.052601, SortExportsSeekfreeInner=8.769899, SortExportsSeekfree=0.003301, BuildDependencyMap=0.090398, SerializeImportMap=0.890803, SerializeExportMap=2.200399, SerializeDependencyMap=0.289898, SerializeStringAssetReferenceMap=0.004299, SaveThumbNailsAssetRegistryDataWorldLevelInfo=1.082402, SerializeExports=458.614410, SerializeBulkData=209.255402, MoveFile=40.459900, UnaccountedTime=0.389297, RunGuid=RunID416181174EFE48E11C3E43B0E883D3BB
SavePackageTransactionId562EBF5449873A6CC9BD5BBD2B59BED8_31, Filename=D:/Unreal/Barrel Hopper/Project/Content/Barrel_Hopper/Character/Animation/BH_Character_AnimBP.uasset, AutoPackageBackupDelegate=0.154000, FlushAsyncLoading=0.002798, FlushStreamingFunc=0.107203, BlockTillAllRequestsFinished=0.003200, ResetLoadersForSaveUnMarkAllObjects=0.094898, TagPackageExports=0.487801, BeginCacheForCookedPlatformData=0.001401, SerializeImports=6.788299, GatherLocalizableTextData=0.424702, MarkNames=0.013001, SerializeSummary=0.008598, SerializeNames=0.074401, SerializeGatherableTextData=2.307199, BuildExportMap=0.076901, SortExportsNonSeekfree=0.041898, SortExportsSeekfreeConstructor=0.048302, SortExportsSeekfreeInner=1.116600, SortExportsSeekfree=0.002697, BuildDependencyMap=0.012700, SerializeImportMap=0.169899, SerializeExportMap=6.304801, SerializeDependencyMap=0.001799, SerializeStringAssetReferenceMap=0.000998, SaveThumbNailsAssetRegistryDataWorldLevelInfo=1742.723999, SerializeExports=38.489899, SerializeBulkData=0.008900, MoveFile=27.435299, UnaccountedTime=28.901300, RunGuid=RunID416181174EFE48E11C3E43B0E883D3BB
SavePackageTransactionId562EBF5449873A6CC9BD5BBD2B59BED8_32, Filename=D:/Unreal/Barrel Hopper/Project/Saved/Autosaves/Game/Barrel_Hopper/Character/Animation/BH_Character_AnimBP_Auto1.uasset, AutoPackageBackupDelegate=32.794899, FlushAsyncLoading=0.009000, FlushStreamingFunc=0.130098, BlockTillAllRequestsFinished=0.005201, ResetLoadersForSaveUnMarkAllObjects=0.150800, TagPackageExports=1.253001, BeginCacheForCookedPlatformData=0.001401, SerializeImports=7.896099, GatherLocalizableTextData=1.271099, MarkNames=0.016101, SerializeSummary=0.010900, SerializeNames=0.098899, SerializeGatherableTextData=2.982702, BuildExportMap=0.110898, SortExportsNonSeekfree=0.170201, SortExportsSeekfreeConstructor=0.103798, SortExportsSeekfreeInner=2.221003, SortExportsSeekfree=0.003397, BuildDependencyMap=0.020102, SerializeImportMap=0.193201, SerializeExportMap=6.681200, SerializeDependencyMap=0.005100, SerializeStringAssetReferenceMap=0.002302, SaveThumbNailsAssetRegistryDataWorldLevelInfo=18.477400, SerializeExports=95.968704, SerializeBulkData=0.009097, MoveFile=28.724600, UnaccountedTime=0.396002, RunGuid=RunID416181174EFE48E11C3E43B0E883D3BB
SavePackageTransactionId562EBF5449873A6CC9BD5BBD2B59BED8_33, Filename=D:/Unreal/Barrel Hopper/Project/Content/Barrel_Hopper/Character/Animation/BH_Character_AnimBP.uasset, AutoPackageBackupDelegate=38.848301, FlushAsyncLoading=0.009000, FlushStreamingFunc=0.137199, BlockTillAllRequestsFinished=0.005402, ResetLoadersForSaveUnMarkAllObjects=0.142399, TagPackageExports=1.690202, BeginCacheForCookedPlatformData=0.001799, SerializeImports=8.019701, GatherLocalizableTextData=1.445100, MarkNames=0.018001, SerializeSummary=0.011299, SerializeNames=2.551898, SerializeGatherableTextData=0.383303, BuildExportMap=0.102699, SortExportsNonSeekfree=0.189200, SortExportsSeekfreeConstructor=0.043001, SortExportsSeekfreeInner=2.418000, SortExportsSeekfree=0.003200, BuildDependencyMap=0.021897, SerializeImportMap=0.176001, SerializeExportMap=1.612298, SerializeDependencyMap=0.686102, SerializeStringAssetReferenceMap=0.004601, SaveThumbNailsAssetRegistryDataWorldLevelInfo=14.590799, SerializeExports=125.563202, SerializeBulkData=0.009399, MoveFile=38.369701, UnaccountedTime=28.491798, RunGuid=RunID416181174EFE48E11C3E43B0E883D3BB
SavePackageTransactionId562EBF5449873A6CC9BD5BBD2B59BED8_34, Filename=D:/Unreal/Barrel Hopper/Project/Content/Barrel_Hopper/Character/Animation/BH_Character_AnimBP.uasset, AutoPackageBackupDelegate=8.287799, FlushAsyncLoading=0.004001, FlushStreamingFunc=0.137500, BlockTillAllRequestsFinished=0.003897, ResetLoadersForSaveUnMarkAllObjects=0.109203, TagPackageExports=1.714800, BeginCacheForCookedPlatformData=0.001602, SerializeImports=8.577999, GatherLocalizableTextData=1.600400, MarkNames=0.021499, SerializeSummary=0.010502, SerializeNames=2.498198, SerializeGatherableTextData=1.757402, BuildExportMap=0.108398, SortExportsNonSeekfree=0.210401, SortExportsSeekfreeConstructor=0.039600, SortExportsSeekfreeInner=2.472602, SortExportsSeekfree=0.002399, BuildDependencyMap=0.022501, SerializeImportMap=0.180602, SerializeExportMap=6.056201, SerializeDependencyMap=0.011303, SerializeStringAssetReferenceMap=0.002798, SaveThumbNailsAssetRegistryDataWorldLevelInfo=19.252300, SerializeExports=151.489105, SerializeBulkData=0.007998, MoveFile=34.683796, UnaccountedTime=28.283800, RunGuid=RunID416181174EFE48E11C3E43B0E883D3BB
SavePackageTransactionId562EBF5449873A6CC9BD5BBD2B59BED8_35, Filename=D:/Unreal/Barrel Hopper/Project/Content/Barrel_Hopper/Character/Animation/BH_Character_AnimBP.uasset, AutoPackageBackupDelegate=8.081198, FlushAsyncLoading=0.004500, FlushStreamingFunc=0.106201, BlockTillAllRequestsFinished=0.005100, ResetLoadersForSaveUnMarkAllObjects=0.112802, TagPackageExports=1.766499, BeginCacheForCookedPlatformData=0.001501, SerializeImports=8.144498, GatherLocalizableTextData=1.883101, MarkNames=0.029199, SerializeSummary=0.011303, SerializeNames=2.380200, SerializeGatherableTextData=2.213899, BuildExportMap=0.133298, SortExportsNonSeekfree=0.202700, SortExportsSeekfreeConstructor=0.045300, SortExportsSeekfreeInner=2.717100, SortExportsSeekfree=0.003003, BuildDependencyMap=0.028800, SerializeImportMap=0.181101, SerializeExportMap=6.919600, SerializeDependencyMap=0.004597, SerializeStringAssetReferenceMap=0.001900, SaveThumbNailsAssetRegistryDataWorldLevelInfo=18.345703, SerializeExports=183.189102, SerializeBulkData=0.009101, MoveFile=38.290596, UnaccountedTime=28.873100, RunGuid=RunID416181174EFE48E11C3E43B0E883D3BB
SavePackageTransactionId562EBF5449873A6CC9BD5BBD2B59BED8_36, Filename=D:/Unreal/Barrel Hopper/Project/Saved/Autosaves/Game/Barrel_Hopper/Character/Animation/BH_Character_AnimBP_Auto2.uasset, AutoPackageBackupDelegate=40.766796, FlushAsyncLoading=0.009600, FlushStreamingFunc=0.155102, BlockTillAllRequestsFinished=0.004999, ResetLoadersForSaveUnMarkAllObjects=0.142399, TagPackageExports=2.847299, BeginCacheForCookedPlatformData=0.001501, SerializeImports=10.801003, GatherLocalizableTextData=2.968297, MarkNames=0.024702, SerializeSummary=0.009101, SerializeNames=3.039397, SerializeGatherableTextData=3.805101, BuildExportMap=0.156399, SortExportsNonSeekfree=0.465002, SortExportsSeekfreeConstructor=0.051200, SortExportsSeekfreeInner=3.826499, SortExportsSeekfree=0.002299, BuildDependencyMap=0.031602, SerializeImportMap=0.182301, SerializeExportMap=2.435800, SerializeDependencyMap=0.007600, SerializeStringAssetReferenceMap=0.002302, SaveThumbNailsAssetRegistryDataWorldLevelInfo=17.044899, SerializeExports=234.003906, SerializeBulkData=0.008699, MoveFile=31.037800, UnaccountedTime=0.417799, RunGuid=RunID416181174EFE48E11C3E43B0E883D3BB
SavePackageTransactionId562EBF5449873A6CC9BD5BBD2B59BED8_37, Filename=D:/Unreal/Barrel Hopper/Project/Content/Barrel_Hopper/Character/Animation/BH_Character_AnimBP.uasset, AutoPackageBackupDelegate=41.050098, FlushAsyncLoading=0.008501, FlushStreamingFunc=0.124399, BlockTillAllRequestsFinished=0.005502, ResetLoadersForSaveUnMarkAllObjects=0.137798, TagPackageExports=4.121501, BeginCacheForCookedPlatformData=0.002198, SerializeImports=10.750401, GatherLocalizableTextData=4.248399, MarkNames=0.032399, SerializeSummary=0.010401, SerializeNames=2.500199, SerializeGatherableTextData=5.655102, BuildExportMap=0.165198, SortExportsNonSeekfree=0.849102, SortExportsSeekfreeConstructor=0.051398, SortExportsSeekfreeInner=5.108603, SortExportsSeekfree=0.003800, BuildDependencyMap=0.048399, SerializeImportMap=0.196598, SerializeExportMap=8.876700, SerializeDependencyMap=0.008199, SerializeStringAssetReferenceMap=0.002101, SaveThumbNailsAssetRegistryDataWorldLevelInfo=22.345997, SerializeExports=391.243195, SerializeBulkData=0.009801, MoveFile=40.155998, UnaccountedTime=27.305201, RunGuid=RunID416181174EFE48E11C3E43B0E883D3BB
SavePackageTransactionId562EBF5449873A6CC9BD5BBD2B59BED8_38, Filename=D:/Unreal/Barrel Hopper/Project/Content/Barrel_Hopper/Character/Animation/BH_Character_AnimBP.uasset, AutoPackageBackupDelegate=8.945901, FlushAsyncLoading=0.003599, FlushStreamingFunc=0.173401, BlockTillAllRequestsFinished=0.004601, ResetLoadersForSaveUnMarkAllObjects=0.108901, TagPackageExports=4.422400, BeginCacheForCookedPlatformData=0.004102, SerializeImports=10.852501, GatherLocalizableTextData=4.595000, MarkNames=0.054698, SerializeSummary=0.013899, SerializeNames=2.339803, SerializeGatherableTextData=5.005598, BuildExportMap=0.182901, SortExportsNonSeekfree=0.867900, SortExportsSeekfreeConstructor=0.051100, SortExportsSeekfreeInner=4.931401, SortExportsSeekfree=0.002600, BuildDependencyMap=0.046499, SerializeImportMap=0.180900, SerializeExportMap=8.199401, SerializeDependencyMap=0.011701, SerializeStringAssetReferenceMap=0.002801, SaveThumbNailsAssetRegistryDataWorldLevelInfo=21.332701, SerializeExports=398.207306, SerializeBulkData=0.008900, MoveFile=37.108997, UnaccountedTime=29.134703, RunGuid=RunID416181174EFE48E11C3E43B0E883D3BB
SavePackageTransactionId562EBF5449873A6CC9BD5BBD2B59BED8_39, Filename=D:/Unreal/Barrel Hopper/Project/Content/Barrel_Hopper/Character/Animation/BH_Character_AnimBP.uasset, AutoPackageBackupDelegate=8.960001, FlushAsyncLoading=0.002500, FlushStreamingFunc=0.114899, BlockTillAllRequestsFinished=0.004001, ResetLoadersForSaveUnMarkAllObjects=0.099301, TagPackageExports=3.998902, BeginCacheForCookedPlatformData=0.002198, SerializeImports=10.899302, GatherLocalizableTextData=4.243698, MarkNames=0.031702, SerializeSummary=0.009399, SerializeNames=2.484802, SerializeGatherableTextData=6.387297, BuildExportMap=0.182401, SortExportsNonSeekfree=0.808198, SortExportsSeekfreeConstructor=0.047401, SortExportsSeekfreeInner=4.956901, SortExportsSeekfree=0.002898, BuildDependencyMap=0.049502, SerializeImportMap=0.185199, SerializeExportMap=8.163501, SerializeDependencyMap=0.007700, SerializeStringAssetReferenceMap=0.001900, SaveThumbNailsAssetRegistryDataWorldLevelInfo=22.071600, SerializeExports=378.896301, SerializeBulkData=0.008799, MoveFile=36.896301, UnaccountedTime=29.065401, RunGuid=RunID416181174EFE48E11C3E43B0E883D3BB
SavePackageTransactionId562EBF5449873A6CC9BD5BBD2B59BED8_40, Filename=D:/Unreal/Barrel Hopper/Project/Content/Barrel_Hopper/Character/BH_Character.uasset, AutoPackageBackupDelegate=45.875401, FlushAsyncLoading=0.009000, FlushStreamingFunc=0.075698, BlockTillAllRequestsFinished=0.005201, ResetLoadersForSaveUnMarkAllObjects=0.133399, TagPackageExports=4.882399, BeginCacheForCookedPlatformData=0.002701, SerializeImports=11.530999, GatherLocalizableTextData=5.299099, MarkNames=0.052400, SerializeSummary=0.014201, SerializeNames=2.373502, SerializeGatherableTextData=0.722799, BuildExportMap=0.185601, SortExportsNonSeekfree=0.740997, SortExportsSeekfreeConstructor=0.046600, SortExportsSeekfreeInner=11.930902, SortExportsSeekfree=0.004601, BuildDependencyMap=0.068501, SerializeImportMap=0.224501, SerializeExportMap=3.308401, SerializeDependencyMap=0.293601, SerializeStringAssetReferenceMap=0.005398, SaveThumbNailsAssetRegistryDataWorldLevelInfo=16.056898, SerializeExports=244.153107, SerializeBulkData=0.012700, MoveFile=41.833199, UnaccountedTime=37.380501, RunGuid=RunID416181174EFE48E11C3E43B0E883D3BB
SavePackageTransactionId562EBF5449873A6CC9BD5BBD2B59BED8_41, Filename=D:/Unreal/Barrel Hopper/Project/Saved/Autosaves/Game/Barrel_Hopper/Character/Animation/BH_Character_AnimBP_Auto3.uasset, AutoPackageBackupDelegate=45.829300, FlushAsyncLoading=0.009302, FlushStreamingFunc=0.161599, BlockTillAllRequestsFinished=0.004798, ResetLoadersForSaveUnMarkAllObjects=0.129100, TagPackageExports=4.394602, BeginCacheForCookedPlatformData=0.001799, SerializeImports=11.596300, GatherLocalizableTextData=4.658099, MarkNames=0.034701, SerializeSummary=0.009999, SerializeNames=2.302300, SerializeGatherableTextData=4.762899, BuildExportMap=0.157200, SortExportsNonSeekfree=0.829503, SortExportsSeekfreeConstructor=0.042699, SortExportsSeekfreeInner=5.579498, SortExportsSeekfree=0.003401, BuildDependencyMap=0.050001, SerializeImportMap=0.744604, SerializeExportMap=8.056998, SerializeDependencyMap=0.009000, SerializeStringAssetReferenceMap=0.001900, SaveThumbNailsAssetRegistryDataWorldLevelInfo=22.595699, SerializeExports=413.720703, SerializeBulkData=0.008997, MoveFile=31.570599, UnaccountedTime=0.391401, RunGuid=RunID416181174EFE48E11C3E43B0E883D3BB
SavePackageTransactionId562EBF5449873A6CC9BD5BBD2B59BED8_42, Filename=D:/Unreal/Barrel Hopper/Project/Content/Barrel_Hopper/Character/Animation/BH_Character_AnimBP.uasset, AutoPackageBackupDelegate=9.990599, FlushAsyncLoading=0.004601, FlushStreamingFunc=0.107300, BlockTillAllRequestsFinished=0.004299, ResetLoadersForSaveUnMarkAllObjects=0.107899, TagPackageExports=5.141601, BeginCacheForCookedPlatformData=0.002299, SerializeImports=11.436902, GatherLocalizableTextData=4.842296, MarkNames=0.042103, SerializeSummary=0.012100, SerializeNames=2.299298, SerializeGatherableTextData=4.472200, BuildExportMap=0.204600, SortExportsNonSeekfree=0.938501, SortExportsSeekfreeConstructor=0.047199, SortExportsSeekfreeInner=5.814601, SortExportsSeekfree=0.007499, BuildDependencyMap=0.057299, SerializeImportMap=0.197802, SerializeExportMap=7.866200, SerializeDependencyMap=0.008401, SerializeStringAssetReferenceMap=0.002202, SaveThumbNailsAssetRegistryDataWorldLevelInfo=22.466797, SerializeExports=430.964417, SerializeBulkData=0.008497, MoveFile=38.043800, UnaccountedTime=29.265697, RunGuid=RunID416181174EFE48E11C3E43B0E883D3BB
SavePackageTransactionId562EBF5449873A6CC9BD5BBD2B59BED8_43, Filename=D:/Unreal/Barrel Hopper/Project/Content/Barrel_Hopper/Character/Animation/BH_Character_AnimBP.uasset, AutoPackageBackupDelegate=9.551600, FlushAsyncLoading=0.002999, FlushStreamingFunc=0.147101, BlockTillAllRequestsFinished=0.004400, ResetLoadersForSaveUnMarkAllObjects=0.097401, TagPackageExports=4.919998, BeginCacheForCookedPlatformData=0.002600, SerializeImports=13.037701, GatherLocalizableTextData=4.845101, MarkNames=0.036500, SerializeSummary=0.012100, SerializeNames=2.701897, SerializeGatherableTextData=6.363202, BuildExportMap=0.209101, SortExportsNonSeekfree=0.941601, SortExportsSeekfreeConstructor=0.048798, SortExportsSeekfreeInner=5.721502, SortExportsSeekfree=0.003099, BuildDependencyMap=0.052199, SerializeImportMap=0.187300, SerializeExportMap=7.979899, SerializeDependencyMap=0.009600, SerializeStringAssetReferenceMap=0.002101, SaveThumbNailsAssetRegistryDataWorldLevelInfo=21.392700, SerializeExports=419.559204, SerializeBulkData=0.008401, MoveFile=39.364403, UnaccountedTime=31.587097, RunGuid=RunID416181174EFE48E11C3E43B0E883D3BB
